Topic of discussion,Representative tweet id,Another representative tweet id (if any)
transfers land const,458088135469973504
feds,458099675359244288
america,458067863296036864
god,458067863296036864
control govt,458111368105713664,458088409689370624
blm,458087247770685440,458098678301863937
cliven bundy,458082966707507200
r laws,458079114130239488
constitution,458079975115980801
property rights,458087247770685440
